date,PRCP,snow,snwd
1/1/2015,0,0,5
1/2/2015,0,0,5
1/3/2015,0.03,1,6
1/4/2015,0,0,6
1/5/2015,0,0,4
1/6/2015,0,0,3
1/7/2015,0.01,0.1,3
1/8/2015,0,0,3
1/9/2015,0,0,2
1/10/2015,0,0,2
1/11/2015,0.01,0,2
1/12/2015,0.06,0.7,2
1/13/2015,0,0,2
1/14/2015,0,0,2
1/15/2015,0,0,2
1/16/2015,0,0,1
1/17/2015,0,0,0
1/18/2015,0,0,0
1/19/2015,0,0,0
1/20/2015,0,0,0
1/21/2015,0,0.2,0
1/22/2015,0,0,0
1/23/2015,0,0,0
1/24/2015,0,0,0
1/25/2015,0,0,0
1/26/2015,0,0,0
1/27/2015,0,0,0
1/28/2015,0,0,0
1/29/2015,0,0,0
1/30/2015,0,0,0
1/31/2015,0,0,0
2/1/2015,0.01,0.2,0
2/2/2015,0,0,0
2/3/2015,0,0,0
2/4/2015,0.24,3.6,3
2/5/2015,0,0,0
2/6/2015,0,0,0
2/7/2015,0,0,0
2/8/2015,0,0,0
2/9/2015,0,0,0
2/10/2015,0,0,0
2/11/2015,0,0,0
2/12/2015,0,0,0
2/13/2015,0,0,0
2/14/2015,0,0,0
2/15/2015,0.06,0.1,0
2/16/2015,0.04,0.7,0
2/17/2015,0,0,0
2/18/2015,0,0,0
2/19/2015,0,0,0
2/20/2015,0,0,0
2/21/2015,0.38,5.4,5
2/22/2015,0.2,2.5,7
2/23/2015,0.01,0.7,5
2/24/2015,0,0,2
2/25/2015,0,0.1,1
2/26/2015,0.06,1.5,3
2/27/2015,0.09,2.2,5
2/28/2015,0,0,3
3/1/2015,0.02,0.2,3
3/2/2015,0,0,2
3/3/2015,0.08,1.8,4
3/4/2015,0.08,1.8,4
3/5/2015,0,0,3
3/6/2015,0,0,2
3/7/2015,0,0,0
3/8/2015,0,0,0
3/9/2015,0,0,0
3/10/2015,0,0,0
3/11/2015,0,0,0
3/12/2015,0,0,0
3/13/2015,0,0,0
3/14/2015,0,0,0
3/15/2015,0,0,0
3/16/2015,0,0,0
3/17/2015,0,0,0
3/18/2015,0,0,0
3/19/2015,0.01,0,0
3/20/2015,0,0,0
3/21/2015,0,0,0
3/22/2015,0,0,0
3/23/2015,0,0,0
3/24/2015,0,0,0
3/25/2015,0.02,0,0
3/26/2015,0,0,0
3/27/2015,0,0,0
3/28/2015,0,0,0
3/29/2015,0,0,0
3/30/2015,0,0,0
3/31/2015,0,0,0
4/1/2015,0,0,0
4/2/2015,0.2,0.5,0
4/3/2015,0,0,0
4/4/2015,0,0,0
4/5/2015,0,0,0
4/6/2015,0,0,0
4/7/2015,0,0,0
4/8/2015,0.04,0,0
4/9/2015,0,0,0
4/10/2015,0,0,0
4/11/2015,0,0,0
4/12/2015,0,0,0
4/13/2015,0,0,0
4/14/2015,0,0,0
4/15/2015,0.02,0,0
4/16/2015,0.84,2,1
4/17/2015,1.62,0,0
4/18/2015,0,0,0
4/19/2015,0,0,0
4/20/2015,0.02,0.1,0
4/21/2015,0,0,0
4/22/2015,0,0,0
4/23/2015,0,0,0
4/24/2015,0,0,0
4/25/2015,0,0,0
4/26/2015,0.4,0,0
4/27/2015,0.08,0,0
4/28/2015,0,0,0
4/29/2015,0,0,0
4/30/2015,0.1,0,0
5/1/2015,0,0,0
5/2/2015,0.06,0,0
5/3/2015,0.01,0,0
5/4/2015,0.18,0,0
5/5/2015,0.17,0,0
5/6/2015,0.31,0,0
5/7/2015,0.04,0,0
5/8/2015,0.78,0,0
5/9/2015,1.55,0,0
5/10/2015,0.15,1.2,0
5/11/2015,0,0,0
5/12/2015,0,0,0
5/13/2015,0.23,0,0
5/14/2015,0,0,0
5/15/2015,0.09,0,0
5/16/2015,0,0,0
5/17/2015,0,0,0
5/18/2015,0.04,0,0
5/19/2015,1.43,0,0
5/20/2015,0.15,0,0
5/21/2015,0.02,0,0
5/22/2015,0.39,0,0
5/23/2015,0.19,0,0
5/24/2015,0.09,0,0
5/25/2015,0.1,0,0
5/26/2015,0,0,0
5/27/2015,0,0,0
5/28/2015,0.01,0,0
5/29/2015,0.22,0,0
5/30/2015,0,0,0
5/31/2015,0.13,0,0
6/1/2015,0,0,0
6/2/2015,0,0,0
6/3/2015,0.1,0,0
6/4/2015,0.28,0,0
6/5/2015,0.1,0,0
6/6/2015,0.01,0,0
6/7/2015,0,0,0
6/8/2015,0,0,0
6/9/2015,0,0,0
6/10/2015,0,0,0
6/11/2015,0.32,0,0
6/12/2015,0.33,0,0
6/13/2015,0,0,0
6/14/2015,0,0,0
6/15/2015,0,0,0
6/16/2015,0.06,0,0
6/17/2015,0,0,0
6/18/2015,0,0,0
6/19/2015,0,0,0
6/20/2015,0,0,0
6/21/2015,0,0,0
6/22/2015,0,0,0
6/23/2015,0.01,0,0
6/24/2015,0,0,0
6/25/2015,0.01,0,0
6/26/2015,0.3,0,0
6/27/2015,0,0,0
6/28/2015,0,0,0
6/29/2015,0,0,0
6/30/2015,0.03,0,0
7/1/2015,0.11,0,0
7/2/2015,0.21,0,0
7/3/2015,0,0,0
7/4/2015,0.15,0,0
7/5/2015,0.07,0,0
7/6/2015,0.42,0,0
7/7/2015,0.2,0,0
7/8/2015,0.41,0,0
7/9/2015,0,0,0
7/10/2015,0,0,0
7/11/2015,0,0,0
7/12/2015,0,0,0
7/13/2015,0,0,0
7/14/2015,0,0,0
7/15/2015,0,0,0
7/16/2015,0,0,0
7/17/2015,0,0,0
7/18/2015,0.08,0,0
7/19/2015,0,0,0
7/20/2015,0,0,0
7/21/2015,0.01,0,0
7/22/2015,0.03,0,0
7/23/2015,0,0,0
7/24/2015,0,0,0
7/25/2015,0,0,0
7/26/2015,0,0,0
7/27/2015,0,0,0
7/28/2015,0,0,0
7/29/2015,0,0,0
7/30/2015,0,0,0
7/31/2015,0,0,0
8/1/2015,0,0,0
8/2/2015,0,0,0
8/3/2015,0,0,0
8/4/2015,0.06,0,0
8/5/2015,0,0,0
8/6/2015,0,0,0
8/7/2015,0,0,0
8/8/2015,0,0,0
8/9/2015,0,0,0
8/10/2015,0,0,0
8/11/2015,0,0,0
8/12/2015,0.02,0,0
8/13/2015,0,0,0
8/14/2015,0,0,0
8/15/2015,0,0,0
8/16/2015,0.02,0,0
8/17/2015,0.11,0,0
8/18/2015,0.23,0,0
8/19/2015,0.25,0,0
8/20/2015,0,0,0
8/21/2015,0,0,0
8/22/2015,0,0,0
8/23/2015,0,0,0
8/24/2015,0,0,0
8/25/2015,0,0,0
8/26/2015,0,0,0
8/27/2015,0,0,0
8/28/2015,0,0,0
8/29/2015,0,0,0
8/30/2015,0,0,0
8/31/2015,0,0,0
9/1/2015,0,0,0
9/2/2015,0,0,0
9/3/2015,0.04,0,0
9/4/2015,0,0,0
9/5/2015,0,0,0
9/6/2015,0,0,0
9/7/2015,0.13,0,0
9/8/2015,0,0,0
9/9/2015,0,0,0
9/10/2015,0,0,0
9/11/2015,0,0,0
9/12/2015,0,0,0
9/13/2015,0,0,0
9/14/2015,0,0,0
9/15/2015,0,0,0
9/16/2015,0,0,0
9/17/2015,0,0,0
9/18/2015,0,0,0
9/19/2015,0,0,0
9/20/2015,0,0,0
9/21/2015,0,0,0
9/22/2015,0,0,0
9/23/2015,0,0,0
9/24/2015,0,0,0
9/25/2015,0,0,0
9/26/2015,0,0,0
9/27/2015,0,0,0
9/28/2015,0,0,0
9/29/2015,0.03,0,0
9/30/2015,0,0,0
10/1/2015,0,0,0
10/2/2015,0.06,0,0
10/3/2015,0.04,0,0
10/4/2015,0.29,0,0
10/5/2015,0,0,0
10/6/2015,0,0,0
10/7/2015,0,0,0
10/8/2015,0,0,0
10/9/2015,0,0,0
10/10/2015,0,0,0
10/11/2015,0,0,0
10/12/2015,0,0,0
10/13/2015,0,0,0
10/14/2015,0,0,0
10/15/2015,0,0,0
10/16/2015,0,0,0
10/17/2015,0,0,0
10/18/2015,0,0,0
10/19/2015,0,0,0
10/20/2015,0,0,0
10/21/2015,0.72,0,0
10/22/2015,0.66,0,0
10/23/2015,0.03,0,0
10/24/2015,0,0,0
10/25/2015,0,0,0
10/26/2015,0.01,0,0
10/27/2015,0,0,0
10/28/2015,0,0,0
10/29/2015,0,0,0
10/30/2015,0,0,0
10/31/2015,0,0,0
11/1/2015,0,0,0
11/2/2015,0,0,0
11/3/2015,0,0,0
11/4/2015,0.25,0,0
11/5/2015,0.64,0,0
11/6/2015,0,0,0
11/7/2015,0,0,0
11/8/2015,0,0,0
11/9/2015,0,0,0
11/10/2015,0,0,0
11/11/2015,0.36,2.5,0
11/12/2015,0,0,0
11/13/2015,0,0,0
11/14/2015,0,0,0
11/15/2015,0,0,0
11/16/2015,0,0,0
11/17/2015,0.01,0,0
11/18/2015,0,0,0
11/19/2015,0,0,0
11/20/2015,0,0,0
11/21/2015,0,0,0
11/22/2015,0,0,0
11/23/2015,0,0,0
11/24/2015,0,0,0
11/25/2015,0,0,0
11/26/2015,0.27,4.7,5
11/27/2015,0,0.2,3
11/28/2015,0.02,0.8,3
11/29/2015,0,0,2
11/30/2015,0.01,0.2,2
12/1/2015,0,0,2
12/2/2015,0,0,1
12/3/2015,0,0,0
12/4/2015,0,0,0
12/5/2015,0,0,0
12/6/2015,0,0,0
12/7/2015,0,0,0
12/8/2015,0,0,0
12/9/2015,0,0,0
12/10/2015,0,0,0
12/11/2015,0,0,0
12/12/2015,0.22,4.3,4
12/13/2015,0,0,2
12/14/2015,0,0,1
12/15/2015,0.5,7.4,8
12/16/2015,0,0,6
12/17/2015,0,0,5
12/18/2015,0,0,5
12/19/2015,0,0,5
12/20/2015,0,0,3
12/21/2015,0,0,3
12/22/2015,0.05,0.4,4
12/23/2015,0.02,1.1,4
12/24/2015,0,0,3
12/25/2015,0.11,2.8,6
12/26/2015,0.04,0.7,6
12/27/2015,0,0,6
12/28/2015,0,0,5
12/29/2015,0,0,5
12/30/2015,0,0,5
12/31/2015,0,0,5
1/1/2016,0,0,4
1/2/2016,0,0,4
1/3/2016,0,0,4
1/4/2016,0,0,4
1/5/2016,0,0,4
1/6/2016,0,0,4
1/7/2016,0.03,0.1,4
1/8/2016,0.45,5.5,9
1/9/2016,0.01,0.1,9
1/10/2016,0,0,8
1/11/2016,0,0,7
1/12/2016,0,0,7
1/13/2016,0,0,7
1/14/2016,0,0,6
1/15/2016,0,0.1,6
1/16/2016,0,0,6
1/17/2016,0,0,6
1/18/2016,0,0,5
1/19/2016,0,0,5
1/20/2016,0,0,5
1/21/2016,0,0,4
1/22/2016,0,0,4
1/23/2016,0,0,3
1/24/2016,0,0,3
1/25/2016,0,0,3
1/26/2016,0,0,2
1/27/2016,0,0,2
1/28/2016,0,0,0
1/29/2016,0,0,0
1/30/2016,0.04,0.4,0
1/31/2016,0.05,0.8,0
2/1/2016,0.45,5.9,6
2/2/2016,0.49,7.8,12
2/3/2016,0,0,11
2/4/2016,0,0,10
2/5/2016,0,0,7
2/6/2016,0,0,6
2/7/2016,0,0,6
2/8/2016,0,0,5
2/9/2016,0,0,4
2/10/2016,0,0,2
2/11/2016,0,0,1
2/12/2016,0,0,0
2/13/2016,0,0,0
2/14/2016,0,0,0
2/15/2016,0,0,0
2/16/2016,0,0,0
2/17/2016,0,0,0
2/18/2016,0,0,0
2/19/2016,0,0,0
2/20/2016,0,0,0
2/21/2016,0,0,0
2/22/2016,0.07,0,0
2/23/2016,0,0.1,0
2/24/2016,0,0,0
2/25/2016,0,0,0
2/26/2016,0,0,0
2/27/2016,0,0,0
2/28/2016,0,0,0
2/29/2016,0,0,0
3/1/2016,0,0,0
3/2/2016,0,0,0
3/3/2016,0,0,0
3/4/2016,0,0,0
3/5/2016,0,0,0
3/6/2016,0,0,0
3/7/2016,0.03,0,0
3/8/2016,0,0,0
3/9/2016,0,0,0
3/10/2016,0,0,0
3/11/2016,0,0,0
3/12/2016,0,0,0
3/13/2016,0,0,0
3/14/2016,0,0,0
3/15/2016,0,0,0
3/16/2016,0,0,0
3/17/2016,0.09,0.8,0
3/18/2016,0.47,6.6,5
3/19/2016,0.02,0.3,2
3/20/2016,0,0,0
3/21/2016,0,0,0
3/22/2016,0,0,0
3/23/2016,1.44,13.4,9
3/24/2016,0,0,3
3/25/2016,0,0,2
3/26/2016,0,0,0
3/27/2016,0,0,0
3/28/2016,0,0,0
3/29/2016,0.01,0,0
3/30/2016,0.22,0,0
3/31/2016,0,0,0
4/1/2016,0,0,0
4/2/2016,0,0,0
4/3/2016,0,0,0
4/4/2016,0,0,0
4/5/2016,0,0,0
4/6/2016,0,0,0
4/7/2016,0,0,0
4/8/2016,0,0,0
4/9/2016,0,0,0
4/10/2016,0.09,0,0
4/11/2016,0.11,0,0
4/12/2016,0,0,0
4/13/2016,0,0,0
4/14/2016,0,0,0
4/15/2016,0.11,0,0
4/16/2016,0.59,0.5,0
4/17/2016,0.73,5,2
4/18/2016,0,0,0
4/19/2016,0,0,0
4/20/2016,0,0,0
4/21/2016,0,0,0
4/22/2016,0,0,0
4/23/2016,0,0,0
4/24/2016,0,0,0
4/25/2016,0,0,0
4/26/2016,0.36,0,0
4/27/2016,0,0,0
4/28/2016,0.06,0.2,0
4/29/2016,0.39,0,0
4/30/2016,0.31,0,0
5/1/2016,0.05,0.1,0
5/2/2016,0,0,0
5/3/2016,0,0,0
5/4/2016,0,0,0
5/5/2016,0,0,0
5/6/2016,0,0,0
5/7/2016,0.65,0,0
5/8/2016,0,0,0
5/9/2016,0.03,0,0
5/10/2016,0.03,0,0
5/11/2016,0.02,0,0
5/12/2016,0,0,0
5/13/2016,0,0,0
5/14/2016,0.06,0,0
5/15/2016,0.05,0,0
5/16/2016,0.67,0,0
5/17/2016,0.17,0,0
5/18/2016,0.02,0,0
5/19/2016,0,0,0
5/20/2016,0,0,0
5/21/2016,0,0,0
5/22/2016,0,0,0
5/23/2016,0,0,0
5/24/2016,0,0,0
5/25/2016,0,0,0
5/26/2016,0.01,0,0
5/27/2016,0,0,0
5/28/2016,0.01,0,0
5/29/2016,0,0,0
5/30/2016,0.05,0,0
5/31/2016,0.02,0,0
6/1/2016,0,0,0
6/2/2016,0,0,0
6/3/2016,0,0,0
6/4/2016,0,0,0
6/5/2016,0,0,0
6/6/2016,0,0,0
6/7/2016,0.02,0,0
6/8/2016,0,0,0
6/9/2016,0,0,0
6/10/2016,0,0,0
6/11/2016,0,0,0
6/12/2016,0,0,0
6/13/2016,0,0,0
6/14/2016,0.02,0,0
6/15/2016,0,0,0
6/16/2016,0,0,0
6/17/2016,0,0,0
6/18/2016,0,0,0
6/19/2016,0,0,0
6/20/2016,0,0,0
6/21/2016,0,0,0
6/22/2016,0,0,0
6/23/2016,0,0,0
6/24/2016,0,0,0
6/25/2016,0.01,0,0
6/26/2016,0,0,0
6/27/2016,0,0,0
6/28/2016,0,0,0
6/29/2016,0,0,0
6/30/2016,0,0,0
7/1/2016,0.06,0,0
7/2/2016,0,0,0
7/3/2016,0.03,0,0
7/4/2016,0,0,0
7/5/2016,0.07,0,0
7/6/2016,0.06,0,0
7/7/2016,0,0,0
7/8/2016,0,0,0
7/9/2016,0.01,0,0
7/10/2016,0,0,0
7/11/2016,0,0,0
7/12/2016,0,0,0
7/13/2016,0,0,0
7/14/2016,0,0,0
7/15/2016,0.02,0,0
7/16/2016,0,0,0
7/17/2016,0,0,0
7/18/2016,0.01,0,0
7/19/2016,0,0,0
7/20/2016,0.1,0,0
7/21/2016,0,0,0
7/22/2016,0.15,0,0
7/23/2016,0.27,0,0
7/24/2016,0,0,0
7/25/2016,0,0,0
7/26/2016,0,0,0
7/27/2016,0,0,0
7/28/2016,0,0,0
7/29/2016,0,0,0
7/30/2016,0,0,0
7/31/2016,0.13,0,0
8/1/2016,0,0,0
8/2/2016,0,0,0
8/3/2016,0.01,0,0
8/4/2016,0.07,0,0
8/5/2016,0.01,0,0
8/6/2016,0.02,0,0
8/7/2016,0.05,0,0
8/8/2016,0,0,0
8/9/2016,0,0,0
8/10/2016,0.19,0,0
8/11/2016,0,0,0
8/12/2016,0.01,0,0
8/13/2016,0.01,0,0
8/14/2016,0,0,0
8/15/2016,0,0,0
8/16/2016,0,0,0
8/17/2016,0,0,0
8/18/2016,0.01,0,0
8/19/2016,0.16,0,0
8/20/2016,0,0,0
8/21/2016,0,0,0
8/22/2016,0,0,0
8/23/2016,0,0,0
8/24/2016,0.03,0,0
8/25/2016,0.05,0,0
8/26/2016,0.01,0,0
8/27/2016,0,0,0
8/28/2016,0,0,0
8/29/2016,0.13,0,0
8/30/2016,0,0,0
8/31/2016,0,0,0
9/1/2016,0,0,0
9/2/2016,0.02,0,0
9/3/2016,0,0,0
9/4/2016,0.02,0,0
9/5/2016,0,0,0
9/6/2016,0,0,0
9/7/2016,0,0,0
9/8/2016,0,0,0
9/9/2016,0,0,0
9/10/2016,0,0,0
9/11/2016,0,0,0
9/12/2016,0,0,0
9/13/2016,0.12,0,0
9/14/2016,0,0,0
9/15/2016,0,0,0
9/16/2016,0,0,0
9/17/2016,0,0,0
9/18/2016,0,0,0
9/19/2016,0,0,0
9/20/2016,0,0,0
9/21/2016,0,0,0
9/22/2016,0,0,0
9/23/2016,0,0,0
9/24/2016,0.03,0,0
9/25/2016,0,0,0
9/26/2016,0,0,0
9/27/2016,0,0,0
9/28/2016,0,0,0
9/29/2016,0,0,0
9/30/2016,0,0,0
10/1/2016,0,0,0
10/2/2016,0,0,0
10/3/2016,0,0,0
10/4/2016,0,0,0
10/5/2016,0,0,0
10/6/2016,0.12,0,0
10/7/2016,0,0,0
10/8/2016,0,0,0
10/9/2016,0,0,0
10/10/2016,0,0,0
10/11/2016,0,0,0
10/12/2016,0.13,0,0
10/13/2016,0,0,0
10/14/2016,0,0,0
10/15/2016,0,0,0
10/16/2016,0,0,0
10/17/2016,0,0,0
10/18/2016,0,0,0
10/19/2016,0.06,0,0
10/20/2016,0,0,0
10/21/2016,0,0,0
10/22/2016,0,0,0
10/23/2016,0,0,0
10/24/2016,0,0,0
10/25/2016,0,0,0
10/26/2016,0,0,0
10/27/2016,0,0,0
10/28/2016,0,0,0
10/29/2016,0,0,0
10/30/2016,0,0,0
10/31/2016,0,0,0
11/1/2016,0,0,0
11/2/2016,0.01,0,0
11/3/2016,0,0,0
11/4/2016,0,0,0
11/5/2016,0,0,0
11/6/2016,0,0,0
11/7/2016,0,0,0
11/8/2016,0,0,0
11/9/2016,0,0,0
11/10/2016,0,0,0
11/11/2016,0,0,0
11/12/2016,0,0,0
11/13/2016,0,0,0
11/14/2016,0,0,0
11/15/2016,0,0,0
11/16/2016,0,0,0
11/17/2016,0.2,3,3
11/18/2016,0,0,1
11/19/2016,0,0,0
11/20/2016,0,0,0
11/21/2016,0,0,0
11/22/2016,0.22,0,0
11/23/2016,0,0,0
11/24/2016,0,0,0
11/25/2016,0,0,0
11/26/2016,0,0,0
11/27/2016,0,0,0
11/28/2016,0,0,0
11/29/2016,0,0,0
11/30/2016,0,0,0
12/1/2016,0,0,0
12/2/2016,0,0,0
12/3/2016,0,0,0
12/4/2016,0,0,0
12/5/2016,0,0,0
12/6/2016,0,0,0
12/7/2016,0.18,3.9,3
12/8/2016,0,0,2
12/9/2016,0,0,2
12/10/2016,0,0,1
12/11/2016,0.03,0.5,1
12/12/2016,0,0,0
12/13/2016,0,0,0
12/14/2016,0,0,0
12/15/2016,0,0,0
12/16/2016,0.08,1.2,1
12/17/2016,0.2,2.4,3
12/18/2016,0,0,3
12/19/2016,0,0,3
12/20/2016,0,0,2
12/21/2016,0,0,2
12/22/2016,0,0,2
12/23/2016,0,0,1
12/24/2016,0,0,1
12/25/2016,0.03,0.2,1
12/26/2016,0,0,0
12/27/2016,0,0,0
12/28/2016,0,0,0
12/29/2016,0,0,0
12/30/2016,0,0,0
12/31/2016,0,0,0
1/1/2017,0,0,0
1/2/2017,0,0,0
1/3/2017,0.08,1.7,1
1/4/2017,0.18,2.5,4
1/5/2017,0.35,5,7
1/6/2017,0,0,6
1/7/2017,0,0,5
1/8/2017,0,0,4
1/9/2017,0,0,1
1/10/2017,0,0,1
1/11/2017,0.03,0.4,1
1/12/2017,0,0,1
1/13/2017,0,0,1
1/14/2017,0,0,0
1/15/2017,0,0,0
1/16/2017,0.1,0.8,0
1/17/2017,0,0,0
1/18/2017,0,0,0
1/19/2017,0,0,0
1/20/2017,0,0,0
1/21/2017,0,0,0
1/22/2017,0,0,0
1/23/2017,0,0,0
1/24/2017,0.15,0.7,1
1/25/2017,0,0,0
1/26/2017,0,0,0
1/27/2017,0,0,0
1/28/2017,0,0,0
1/29/2017,0,0,0
1/30/2017,0,0,0
1/31/2017,0,0,0
2/1/2017,0.03,0,0
2/2/2017,0.03,0.5,0
2/3/2017,0,0,0
2/4/2017,0,0,0
2/5/2017,0,0,0
2/6/2017,0,0,0
2/7/2017,0,0,0
2/8/2017,0,0,0
2/9/2017,0,0,0
2/10/2017,0,0,0
2/11/2017,0,0,0
2/12/2017,0,0,0
2/13/2017,0,0,0
2/14/2017,0,0,0
2/15/2017,0,0,0
2/16/2017,0,0,0
2/17/2017,0,0,0
2/18/2017,0,0,0
2/19/2017,0,0,0
2/20/2017,0,0,0
2/21/2017,0,0,0
2/22/2017,0,0,0
2/23/2017,0.43,2.8,3
2/24/2017,0.03,0.6,3
2/25/2017,0,0,2
2/26/2017,0,0,1
2/27/2017,0,0,0
2/28/2017,0,0.1,0
3/1/2017,0,0,0
3/2/2017,0,0,0
3/3/2017,0,0,0
3/4/2017,0,0,0
3/5/2017,0,0,0
3/6/2017,0,0,0
3/7/2017,0,0,0
3/8/2017,0,0,0
3/9/2017,0,0,0
3/10/2017,0,0,0
3/11/2017,0.03,0,0
3/12/2017,0,0,0
3/13/2017,0,0,0
3/14/2017,0,0,0
3/15/2017,0,0,0
3/16/2017,0,0,0
3/17/2017,0,0,0
3/18/2017,0,0,0
3/19/2017,0,0,0
3/20/2017,0,0,0
3/21/2017,0,0,0
3/22/2017,0,0,0
3/23/2017,0,0,0
3/24/2017,0.03,0,0
3/25/2017,0,0,0
3/26/2017,0.13,0,0
3/27/2017,0,0,0
3/28/2017,0.5,0,0
3/29/2017,0.04,0,0
3/30/2017,0,0,0
3/31/2017,0.26,0,0
4/1/2017,0.08,0,0
4/2/2017,0,0,0
4/3/2017,0.05,0,0
4/4/2017,0.09,0.4,0
4/5/2017,0,0,0
4/6/2017,0,0,0
4/7/2017,0,0,0
4/8/2017,0,0,0
4/9/2017,0,0,0
4/10/2017,0,0,0
4/11/2017,0,0,0
4/12/2017,0,0,0
4/13/2017,0,0,0
4/14/2017,0,0,0
4/15/2017,0,0,0
4/16/2017,0,0,0
4/17/2017,0,0,0
4/18/2017,0,0,0
4/19/2017,0,0,0
4/20/2017,0.18,0,0
4/21/2017,0.65,0,0
4/22/2017,0.13,0,0
4/23/2017,0,0,0
4/24/2017,0.06,0,0
4/25/2017,0.31,0,0
4/26/2017,0,0,0
4/27/2017,0.07,0,0
4/28/2017,0.33,0.3,0
4/29/2017,0.17,1.5,0
4/30/2017,0,0,0
5/1/2017,0,0,0
5/2/2017,0.01,0,0
5/3/2017,0.09,0,0
5/4/2017,0,0,0
5/5/2017,0,0,0
5/6/2017,0,0,0
5/7/2017,0.01,0,0
5/8/2017,0.18,0,0
5/9/2017,0.1,0,0
5/10/2017,0.04,0,0
5/11/2017,0,0,0
5/12/2017,0,0,0
5/13/2017,0,0,0
5/14/2017,0,0,0
5/15/2017,0,0,0
5/16/2017,0.03,0,0
5/17/2017,0.04,0,0
5/18/2017,2.77,5.8,6
5/19/2017,0.69,1.8,3
5/20/2017,0,0,0
5/21/2017,0.18,0,0
5/22/2017,0.06,0,0
5/23/2017,0,0,0
5/24/2017,0,0,0
5/25/2017,0.06,0,0
5/26/2017,0.04,0,0
5/27/2017,0.13,0,0
5/28/2017,0.01,0,0
5/29/2017,0,0,0
5/30/2017,0,0,0
5/31/2017,0,0,0
6/1/2017,0,0,0
6/2/2017,0,0,0
6/3/2017,0,0,0
6/4/2017,0,0,0
6/5/2017,0,0,0
6/6/2017,0,0,0
6/7/2017,0,0,0
6/8/2017,0,0,0
6/9/2017,0,0,0
6/10/2017,0,0,0
6/11/2017,0,0,0
6/12/2017,0,0,0
6/13/2017,0,0,0
6/14/2017,0,0,0
6/15/2017,0,0,0
6/16/2017,0,0,0
6/17/2017,0,0,0
6/18/2017,0,0,0
6/19/2017,0,0,0
6/20/2017,0,0,0
6/21/2017,0,0,0
6/22/2017,0,0,0
6/23/2017,0.03,0,0
6/24/2017,0,0,0
6/25/2017,0,0,0
6/26/2017,0,0,0
6/27/2017,0,0,0
6/28/2017,0,0,0
6/29/2017,0.02,0,0
6/30/2017,0.09,0,0
7/1/2017,0,0,0
7/2/2017,0,0,0
7/3/2017,0.04,0,0
7/4/2017,0,0,0
7/5/2017,0,0,0
7/6/2017,0.33,0,0
7/7/2017,0,0,0
7/8/2017,0,0,0
7/9/2017,0,0,0
7/10/2017,0.02,0,0
7/11/2017,0.01,0,0
7/12/2017,0.05,0,0
7/13/2017,0,0,0
7/14/2017,0,0,0
7/15/2017,0,0,0
7/16/2017,0,0,0
7/17/2017,0,0,0
7/18/2017,0,0,0
7/19/2017,0,0,0
7/20/2017,0,0,0
7/21/2017,0.02,0,0
7/22/2017,0.03,0,0
7/23/2017,0,0,0
7/24/2017,0,0,0
7/25/2017,0,0,0
7/26/2017,0.14,0,0
7/27/2017,0,0,0
7/28/2017,0.31,0,0
7/29/2017,0,0,0
7/30/2017,0,0,0
7/31/2017,0,0,0
8/1/2017,0,0,0
8/2/2017,0.34,0,0
8/3/2017,0.19,0,0
8/4/2017,0,0,0
8/5/2017,0.27,0,0
8/6/2017,0.08,0,0
8/7/2017,0.46,0,0
8/8/2017,0.05,0,0
8/9/2017,0.12,0,0
8/10/2017,0.74,0,0
8/11/2017,0,0,0
8/12/2017,0.03,0,0
8/13/2017,0.01,0,0
8/14/2017,0.06,0,0
8/15/2017,0.03,0,0
8/16/2017,0,0,0
8/17/2017,0,0,0
8/18/2017,0,0,0
8/19/2017,0,0,0
8/20/2017,0,0,0
8/21/2017,0,0,0
8/22/2017,0,0,0
8/23/2017,0,0,0
8/24/2017,0,0,0
8/25/2017,0,0,0
8/26/2017,0,0,0
8/27/2017,0,0,0
8/28/2017,0,0,0
8/29/2017,0,0,0
8/30/2017,0,0,0
8/31/2017,0,0,0
9/1/2017,0,0,0
9/2/2017,0,0,0
9/3/2017,0,0,0
9/4/2017,0,0,0
9/5/2017,0,0,0
9/6/2017,0,0,0
9/7/2017,0,0,0
9/8/2017,0,0,0
9/9/2017,0,0,0
9/10/2017,0,0,0
9/11/2017,0,0,0
9/12/2017,0,0,0
9/13/2017,0,0,0
9/14/2017,0,0,0
9/15/2017,0,0,0
9/16/2017,0.19,0,0
9/17/2017,0,0,0
9/18/2017,0,0,0
9/19/2017,0,0,0
9/20/2017,0,0,0
9/21/2017,0,0,0
9/22/2017,0,0,0
9/23/2017,0.89,0,0
9/24/2017,0.2,0,0
9/25/2017,0.33,0,0
9/26/2017,0,0,0
9/27/2017,0.13,0,0
9/28/2017,0.34,0,0
9/29/2017,0.01,0,0
9/30/2017,0,0,0
10/1/2017,0.01,0,0
10/2/2017,0.61,0,0
10/3/2017,0,0,0
10/4/2017,0,0,0
10/5/2017,0,0,0
10/6/2017,0,0,0
10/7/2017,0,0,0
10/8/2017,0.05,0,0
10/9/2017,0.98,1.5,0
10/10/2017,0,0,0
10/11/2017,0,0,0
10/12/2017,0,0,0
10/13/2017,0,0,0
10/14/2017,0,0,0
10/15/2017,0,0,0
10/16/2017,0,0,0
10/17/2017,0,0,0
10/18/2017,0,0,0
10/19/2017,0,0,0
10/20/2017,0,0,0
10/21/2017,0,0,0
10/22/2017,0,0,0
10/23/2017,0,0,0
10/24/2017,0,0,0
10/25/2017,0,0,0
10/26/2017,0,0,0
10/27/2017,0,0,0
10/28/2017,0,0,0
10/29/2017,0,0,0
10/30/2017,0.03,0.1,0
10/31/2017,0,0,0
11/1/2017,0,0,0
11/2/2017,0,0,0
11/3/2017,0,0,0
11/4/2017,0,0,0
11/5/2017,0.14,0,0
11/6/2017,0,0,0
11/7/2017,0.38,4.6,3
11/8/2017,0,0,3
11/9/2017,0,0,0
11/10/2017,0,0,0
11/11/2017,0,0,0
11/12/2017,0,0,0
11/13/2017,0,0,0
11/14/2017,0,0,0
11/15/2017,0,0,0
11/16/2017,0,0,0
11/17/2017,0.01,0,0
11/18/2017,0,0,0
11/19/2017,0,0,0
11/20/2017,0,0,0
11/21/2017,0.06,0,0
11/22/2017,0,0,0
11/23/2017,0,0,0
11/24/2017,0,0,0
11/25/2017,0,0,0
11/26/2017,0,0,0
11/27/2017,0,0,0
11/28/2017,0,0,0
11/29/2017,0,0,0
11/30/2017,0,0,0
12/1/2017,0,0,0
12/2/2017,0,0,0
12/3/2017,0,0,0
12/4/2017,0.01,0,0
12/5/2017,0,0,0
12/6/2017,0,0,0
12/7/2017,0,0,0
12/8/2017,0,0,0
12/9/2017,0,0,0
12/10/2017,0,0,0
12/11/2017,0,0,0
12/12/2017,0,0,0
12/13/2017,0,0,0
12/14/2017,0.07,1.5,0
12/15/2017,0,0,0
12/16/2017,0,0,0
12/17/2017,0,0,0
12/18/2017,0,0,0
12/19/2017,0,0,0
12/20/2017,0,0,0
12/21/2017,0.07,1.4,1
12/22/2017,0,0,0
12/23/2017,0.06,1,1
12/24/2017,0,0,1
12/25/2017,0,0,1
12/26/2017,0,0.3,1
12/27/2017,0,0,1
12/28/2017,0,0,0
12/29/2017,0,0,0
12/30/2017,0,0.1,0
12/31/2017,0.09,2.9,2
1/1/2018,0,0.2,1
1/2/2018,0,0,1
1/3/2018,0,0,0
1/4/2018,0,0,0
1/5/2018,0,0,0
1/6/2018,0,0,0
1/7/2018,0,0,0
1/8/2018,0,0,0
1/9/2018,0,0,0
1/10/2018,0,0,0
1/11/2018,0,0,0
1/12/2018,0,0,0
1/13/2018,0,0,0
1/14/2018,0,0,0
1/15/2018,0.07,1.9,1
1/16/2018,0,0,1
1/17/2018,0,0,0
1/18/2018,0,0,0
1/19/2018,0,0,0
1/20/2018,0,0,0
1/21/2018,0.38,3.9,4
1/22/2018,0,0,3
1/23/2018,0,0,2
1/24/2018,0,0,2
1/25/2018,0,0,2
1/26/2018,0,0,1
1/27/2018,0,0,1
1/28/2018,0,0,0
1/29/2018,0,0,0
1/30/2018,0,0,0
1/31/2018,0,0,0
2/1/2018,0.25,4.4,4
2/2/2018,0,0,2
2/3/2018,0,0,0
2/4/2018,0,0,0
2/5/2018,0.01,0,0
2/6/2018,0,0,0
2/7/2018,0,0,0
2/8/2018,0,0,0
2/9/2018,0.01,0.5,1
2/10/2018,0.06,1.8,2
2/11/2018,0,0,1
2/12/2018,0,0.1,1
2/13/2018,0,0,0
2/14/2018,0,0,0
2/15/2018,0,0,0
2/16/2018,0,0,0
2/17/2018,0,0,0
2/18/2018,0,0,0
2/19/2018,0.1,3,3
2/20/2018,0.1,1.6,4
2/21/2018,0,0,2
2/22/2018,0,0,2
2/23/2018,0.09,1,3
2/24/2018,0.05,1,2
2/25/2018,0,0,2
2/26/2018,0,0,0
2/27/2018,0,0,0
2/28/2018,0,0,0
3/1/2018,0,0,0
3/2/2018,0,0,0
3/3/2018,0,0,0
3/4/2018,0,0,0
3/5/2018,0,0,0
3/6/2018,0,0,0
3/7/2018,0,0,0
3/8/2018,0,0,0
3/9/2018,0,0,0
3/10/2018,0,0,0
3/11/2018,0,0,0
3/12/2018,0,0,0
3/13/2018,0,0,0
3/14/2018,0,0,0
3/15/2018,0.03,0,0
3/16/2018,0.01,0,0
3/17/2018,0,0,0
3/18/2018,0.28,0.1,0
3/19/2018,0.05,0,0
3/20/2018,0,0,0
3/21/2018,0,0,0
3/22/2018,0,0,0
3/23/2018,0,0,0
3/24/2018,0,0,0
3/25/2018,0.03,0,0
3/26/2018,0,0,0
3/27/2018,0,0,0
3/28/2018,0.31,0,0
3/29/2018,0,0,0
3/30/2018,0,0,0
3/31/2018,0,0,0
4/1/2018,0.01,0.1,0
4/2/2018,0,0,0
4/3/2018,0,0,0
4/4/2018,0,0,0
4/5/2018,0,0,0
4/6/2018,0.13,1.7,1
4/7/2018,0.01,0.1,0
4/8/2018,0,0,0
4/9/2018,0.05,0,0
4/10/2018,0,0,0
4/11/2018,0,0,0
4/12/2018,0,0,0
4/13/2018,0,0,0
4/14/2018,0,0,0
4/15/2018,0,0,0
4/16/2018,0,0,0
4/17/2018,0,0,0
4/18/2018,0,0,0
4/19/2018,0,0,0
4/20/2018,0.09,0,0
4/21/2018,0.42,0.5,0
4/22/2018,0,0,0
4/23/2018,0.01,0,0
4/24/2018,0.03,0,0
4/25/2018,0,0,0
4/26/2018,0,0,0
4/27/2018,0,0,0
4/28/2018,0,0,0
4/29/2018,0,0,0
4/30/2018,0,0,0
5/1/2018,0.02,0,0
5/2/2018,0.41,0,0
5/3/2018,1.74,0,0
5/4/2018,0,0,0
5/5/2018,0,0,0
5/6/2018,0,0,0
5/7/2018,0,0,0
5/8/2018,0,0,0
5/9/2018,0,0,0
5/10/2018,0,0,0
5/11/2018,0,0,0
5/12/2018,0.22,0,0
5/13/2018,0.26,0,0
5/14/2018,0.01,0,0
5/15/2018,0,0,0
5/16/2018,0,0,0
5/17/2018,0,0,0
5/18/2018,0.17,0,0
5/19/2018,0.12,0,0
5/20/2018,0.09,0,0
5/21/2018,0,0,0
5/22/2018,1.42,0,0
5/23/2018,0.06,0,0
5/24/2018,0,0,0
5/25/2018,0,0,0
5/26/2018,0,0,0
5/27/2018,0,0,0
5/28/2018,0.59,0,0
5/29/2018,0.01,0,0
5/30/2018,0,0,0
5/31/2018,0,0,0
6/1/2018,0,0,0
6/2/2018,0,0,0
6/3/2018,0,0,0
6/4/2018,0,0,0
6/5/2018,0,0,0
6/6/2018,0,0,0
6/7/2018,0,0,0
6/8/2018,0,0,0
6/9/2018,0,0,0
6/10/2018,0,0,0
6/11/2018,0,0,0
6/12/2018,0,0,0
6/13/2018,0,0,0
6/14/2018,0,0,0
6/15/2018,0,0,0
6/16/2018,0.01,0,0
6/17/2018,0.02,0,0
6/18/2018,0.18,0,0
6/19/2018,0.38,0,0
6/20/2018,0.04,0,0
6/21/2018,0.01,0,0
6/22/2018,0,0,0
6/23/2018,0,0,0
6/24/2018,0.15,0,0
6/25/2018,0,0,0
6/26/2018,0,0,0
6/27/2018,0,0,0
6/28/2018,0,0,0
6/29/2018,0,0,0
6/30/2018,0.43,0,0
7/1/2018,0,0,0
7/2/2018,0,0,0
7/3/2018,0,0,0
7/4/2018,0.07,0,0
7/5/2018,0.01,0,0
7/6/2018,0,0,0
7/7/2018,0,0,0
7/8/2018,0,0,0
7/9/2018,0,0,0
7/10/2018,0,0,0
7/11/2018,0,0,0
7/12/2018,0.74,0,0
7/13/2018,0,0,0
7/14/2018,0,0,0
7/15/2018,0.4,0,0
7/16/2018,0,0,0
7/17/2018,0.01,0,0
7/18/2018,0,0,0
7/19/2018,0,0,0
7/20/2018,0,0,0
7/21/2018,0,0,0
7/22/2018,0.04,0,0
7/23/2018,0.44,0,0
7/24/2018,0.01,0,0
7/25/2018,0.15,0,0
7/26/2018,0.1,0,0
7/27/2018,0,0,0
7/28/2018,0.08,0,0
7/29/2018,0.16,0,0
7/30/2018,0,0,0
7/31/2018,0,0,0
8/1/2018,0,0,0
8/2/2018,0,0,0
8/3/2018,0.01,0,0
8/4/2018,0.05,0,0
8/5/2018,0.06,0,0
8/6/2018,0,0,0
8/7/2018,0,0,0
8/8/2018,0,0,0
8/9/2018,0,0,0
8/10/2018,0,0,0
8/11/2018,0,0,0
8/12/2018,0,0,0
8/13/2018,0,0,0
8/14/2018,0.06,0,0
8/15/2018,0,0,0
8/16/2018,0,0,0
8/17/2018,0,0,0
8/18/2018,0.1,0,0
8/19/2018,0,0,0
8/20/2018,0,0,0
8/21/2018,0,0,0
8/22/2018,0,0,0
8/23/2018,0,0,0
8/24/2018,0,0,0
8/25/2018,0,0,0
8/26/2018,0,0,0
8/27/2018,0,0,0
8/28/2018,0,0,0
8/29/2018,0,0,0
8/30/2018,0,0,0
8/31/2018,0,0,0
9/1/2018,0,0,0
9/2/2018,0,0,0
9/3/2018,0,0,0
9/4/2018,0,0,0
9/5/2018,0.01,0,0
9/6/2018,0,0,0
9/7/2018,0,0,0
9/8/2018,0,0,0
9/9/2018,0,0,0
9/10/2018,0,0,0
9/11/2018,0,0,0
9/12/2018,0,0,0
9/13/2018,0,0,0
9/14/2018,0,0,0
9/15/2018,0,0,0
9/16/2018,0,0,0
9/17/2018,0,0,0
9/18/2018,0,0,0
9/19/2018,0.41,0,0
9/20/2018,0,0,0
9/21/2018,0,0,0
9/22/2018,0,0,0
9/23/2018,0,0,0
9/24/2018,0,0,0
9/25/2018,0,0,0
9/26/2018,0,0,0
9/27/2018,0,0,0
9/28/2018,0.03,0,0
9/29/2018,0,0,0
9/30/2018,0.01,0,0
10/1/2018,0,0,0
10/2/2018,0,0,0
10/3/2018,0,0,0
10/4/2018,0.04,0,0
10/5/2018,0,0,0
10/6/2018,0.01,0,0
10/7/2018,0.04,0,0
10/8/2018,0.23,0,0
10/9/2018,0.07,0,0
10/10/2018,0.13,0.1,0
10/11/2018,0,0,0
10/12/2018,0,0,0
10/13/2018,0,0,0
10/14/2018,0.51,6,4
10/15/2018,0,0,0
10/16/2018,0,0,0
10/17/2018,0,0,0
10/18/2018,0,0,0
10/19/2018,0,0,0
10/20/2018,0,0,0
10/21/2018,0,0,0
10/22/2018,0,0,0
10/23/2018,0,0,0
10/24/2018,0,0,0
10/25/2018,0,0,0
10/26/2018,0,0,0
10/27/2018,0,0,0
10/28/2018,0,0,0
10/29/2018,0,0,0
10/30/2018,0.05,0,0
10/31/2018,0,0,0
11/1/2018,0,0,0
11/2/2018,0,0,0
11/3/2018,0,0,0
11/4/2018,0,0,0
11/5/2018,0,0,0
11/6/2018,0,0,0
11/7/2018,0,0,0
11/8/2018,0,0,0
11/9/2018,0,0,0
11/10/2018,0,0,0
11/11/2018,0.26,4.9,5
11/12/2018,0.01,0.2,3
11/13/2018,0,0,0
11/14/2018,0,0,0
11/15/2018,0,0,0
11/16/2018,0,0,0
11/17/2018,0.27,0.5,1
11/18/2018,0,0,0
11/19/2018,0,0,0
11/20/2018,0,0,0
11/21/2018,0,0,0
11/22/2018,0,0,0
11/23/2018,0,0,0
11/24/2018,0,0,0
11/25/2018,0,0,0
11/26/2018,0,0,0
11/27/2018,0,0,0
11/28/2018,0,0,0
11/29/2018,0,0,0
11/30/2018,0.08,0,0
12/1/2018,0,0,0
12/2/2018,0,0,0
12/3/2018,0,0,0
12/4/2018,0,0,0
12/5/2018,0,0,0
12/6/2018,0.02,1.1,1
12/7/2018,0,0,0
12/8/2018,0,0,0
12/9/2018,0,0,0
12/10/2018,0,0,0
12/11/2018,0,0,0
12/12/2018,0,0,0
12/13/2018,0,0,0
12/14/2018,0,0,0
12/15/2018,0,0,0
12/16/2018,0,0,0
12/17/2018,0,0,0
12/18/2018,0,0,0
12/19/2018,0,0,0
12/20/2018,0,0,0
12/21/2018,0,0,0
12/22/2018,0,0,0
12/23/2018,0,0,0
12/24/2018,0,0,0
12/25/2018,0,0,0
12/26/2018,0,0,0
12/27/2018,0,0,0
12/28/2018,0,0,0
12/29/2018,0,0,0
12/30/2018,0,0,0
12/31/2018,0.01,0.3,0
1/1/2019,0,0,0
1/2/2019,0,0,0
1/3/2019,0,0,0
1/4/2019,0,0,0
1/5/2019,0,0,0
1/6/2019,0,0,0
1/7/2019,0,0,0
1/8/2019,0,0,0
1/9/2019,0,0,0
1/10/2019,0,0,0
1/11/2019,0.27,0,0
1/12/2019,0.04,0,0
1/13/2019,0,0,0
1/14/2019,0,0,0
1/15/2019,0,0,0
1/16/2019,0,0,0
1/17/2019,0,0,0
1/18/2019,0.02,0,0
1/19/2019,0,0,0
1/20/2019,0,0,0
1/21/2019,0,0,0
1/22/2019,0.03,0,0
1/23/2019,0,0,0
1/24/2019,0.13,2,0
1/25/2019,0,0,1
1/26/2019,0,0,0
1/27/2019,0,0,0
1/28/2019,0,0,0
1/29/2019,0,0,0
1/30/2019,0,0,0
1/31/2019,0,0,0
2/1/2019,0,0,0
2/2/2019,0,0,0
2/3/2019,0,0,0
2/4/2019,0,0,0
2/5/2019,0,0,0
2/6/2019,0.12,2.6,3
2/7/2019,0.01,0.1,2
2/8/2019,0,0,1
2/9/2019,0,0,1
2/10/2019,0,0,0
2/11/2019,0,0,0
2/12/2019,0,0,0
2/13/2019,0,0,0
2/14/2019,0,0,0
2/15/2019,0,0,0
2/16/2019,0,0,0
2/17/2019,0,0.1,0
2/18/2019,0.01,0.5,0
2/19/2019,0,0.2,0
2/20/2019,0,0,0
2/21/2019,0,0,0
2/22/2019,0.02,0.4,0
2/23/2019,0,0,0
2/24/2019,0,0,0
2/25/2019,0,0,0
2/26/2019,0,0,0
2/27/2019,0,0,0
2/28/2019,0,0,0
3/1/2019,0,0,0
3/2/2019,0.45,7.3,7
3/3/2019,0,0,5
3/4/2019,0,0,4
3/5/2019,0,0,3
3/6/2019,0,0,2
3/7/2019,0.02,0.2,2
3/8/2019,0.01,0,0
3/9/2019,0,0,0
3/10/2019,0,0,0
3/11/2019,0,0,0
3/12/2019,0,0,0
3/13/2019,1.03,2.8,3
3/14/2019,0,0,2
3/15/2019,0,0,0
3/16/2019,0,0,0
3/17/2019,0,0,0
3/18/2019,0,0,0
3/19/2019,0,0,0
3/20/2019,0,0,0
3/21/2019,0,0,0
3/22/2019,0.11,0,0
3/23/2019,0,0,0
3/24/2019,0,0,0
3/25/2019,0,0,0
3/26/2019,0,0,0
3/27/2019,0,0,0
3/28/2019,0,0,0
3/29/2019,0.23,0.4,0
3/30/2019,0.13,1,0
3/31/2019,0,0,0
4/1/2019,0,0,0
4/2/2019,0,0,0
4/3/2019,0.01,0,0
